station_id;region;country;location;service;status;call_sign;listed_khz;cat_usb_khz;hours;emission;power;frequency_basis;source_updated;source_pages;notes
jp_tokyo;Asia;Japan;Tokyo;Japan Meteorological Agency (JMA);active;JMH;3622.5;3620.6;All broadcast times;J3C;5 kW;assigned;Jan 2014;6-7;Marine weatherfax. Conditional and seasonal products are marked in the source schedule.
jp_tokyo;Asia;Japan;Tokyo;Japan Meteorological Agency (JMA);active;JMH2;7795.0;7793.1;All broadcast times;J3C;5 kW;assigned;Jan 2014;6-7;Marine weatherfax. Conditional and seasonal products are marked in the source schedule.
jp_tokyo;Asia;Japan;Tokyo;Japan Meteorological Agency (JMA);active;JMH4;13988.5;13986.6;All broadcast times;J3C;5 kW;assigned;Jan 2014;6-7;Marine weatherfax. Conditional and seasonal products are marked in the source schedule.
jp_kagoshima;Asia;Japan;Kagoshima;JFX Marine Radiofax;active;JFX;4274.0;4272.1;All broadcast times;J3C;;assigned;2025-01-29;7-8;Some products are weekday/season dependent.
jp_kagoshima;Asia;Japan;Kagoshima;JFX Marine Radiofax;active;JFX;8658.0;8656.1;All broadcast times;J3C;;assigned;2025-01-29;7-8;Some products are weekday/season dependent.
jp_kagoshima;Asia;Japan;Kagoshima;JFX Marine Radiofax;active;JFX;13074.0;13072.1;All broadcast times;J3C;;assigned;2025-01-29;7-8;Some products are weekday/season dependent.
jp_kagoshima;Asia;Japan;Kagoshima;JFX Marine Radiofax;active;JFX;16907.5;16905.6;All broadcast times;J3C;;assigned;2025-01-29;7-8;Some products are weekday/season dependent.
jp_kagoshima;Asia;Japan;Kagoshima;JFX Marine Radiofax;active;JFX;22559.6;22557.7;All broadcast times;J3C;;assigned;2025-01-29;7-8;Some products are weekday/season dependent.
ru_pevek;Asia;Russia;Pevek, Chukotka Peninsula;Ice radiofacsimile;uncertain;;148.0;146.1;All broadcast times;J3C;;assigned;Nov 1997;8;"Old source entry; operational status uncertain."
kr_seoul;Asia;Republic of Korea;Seoul;Meteorological radiofacsimile;active;HLL2;3585.0;3583.1;1200-0000 UTC;J3C;3 kW;assigned;2009-01-01;9;Source states phasing signals 30 s before each chart and stop signals 15 s after transmission.
kr_seoul;Asia;Republic of Korea;Seoul;Meteorological radiofacsimile;active;HLL2;5857.5;5855.6;All broadcast times;J3C;3 kW;assigned;2009-01-01;9;Source states phasing signals 30 s before each chart and stop signals 15 s after transmission.
kr_seoul;Asia;Republic of Korea;Seoul;Meteorological radiofacsimile;active;HLL2;7433.5;7431.6;All broadcast times;J3C;3 kW;assigned;2009-01-01;9;Source states phasing signals 30 s before each chart and stop signals 15 s after transmission.
kr_seoul;Asia;Republic of Korea;Seoul;Meteorological radiofacsimile;active;HLL2;9165.0;9163.1;All broadcast times;J3C;3 kW;assigned;2009-01-01;9;Source states phasing signals 30 s before each chart and stop signals 15 s after transmission.
kr_seoul;Asia;Republic of Korea;Seoul;Meteorological radiofacsimile;active;HLL2;13570.0;13568.1;0000-1200 UTC;J3C;3 kW;assigned;2009-01-01;9;Source states phasing signals 30 s before each chart and stop signals 15 s after transmission.
th_bangkok;Asia;Thailand;Bangkok;Marine meteorological radiofax;active;HSW64;7395.0;7395.0;All broadcast times;J3C;3 kW;carrier;Jan 2009;10;Listed frequency is marked with a source note that it may be carrier frequency.
jp_kyodo;Asia;Japan / Singapore;Kyodo News;Kyodo News / maritime radiofax;active;JJC;16971.0;16969.1;All broadcast times;J3C;;assigned;2025-01-30;11;News and maritime information with weekday-specific products.
cn_guangzhou;Asia;China;Guangzhou Coast Radio Station;Guangdong Meteorological Observatory / South China Sea Weather Forecast Center;active;XSQ;4199.75;4197.85;All broadcast times;F3C;5 kW;assigned;2022-08-23;12-13;"Schedule includes UTC and local time; tropical-cyclone products can be conditional."
cn_guangzhou;Asia;China;Guangzhou Coast Radio Station;Guangdong Meteorological Observatory / South China Sea Weather Forecast Center;active;XSQ;8412.5;8410.6;All broadcast times;F3C;5 kW;assigned;2022-08-23;12-13;"Schedule includes UTC and local time; tropical-cyclone products can be conditional."
cn_guangzhou;Asia;China;Guangzhou Coast Radio Station;Guangdong Meteorological Observatory / South China Sea Weather Forecast Center;active;XSQ;12629.25;12627.35;All broadcast times;F3C;5 kW;assigned;2022-08-23;12-13;"Schedule includes UTC and local time; tropical-cyclone products can be conditional."
cn_guangzhou;Asia;China;Guangzhou Coast Radio Station;Guangdong Meteorological Observatory / South China Sea Weather Forecast Center;active;XSQ;16826.25;16824.35;All broadcast times;F3C;5 kW;assigned;2022-08-23;12-13;"Schedule includes UTC and local time; tropical-cyclone products can be conditional."
cl_valparaiso;South America;Chile;Valparaiso Playa Ancha;Chilean naval marine weatherfax;active;CBV;4228.0;4226.1;All broadcast times;J3C;1 kW;assigned;2010-09-23;15;Source schedule dated 2010.
cl_valparaiso;South America;Chile;Valparaiso Playa Ancha;Chilean naval marine weatherfax;active;CBV;8677.0;8675.1;All broadcast times;J3C;1 kW;assigned;2010-09-23;15;Source schedule dated 2010.
cl_valparaiso;South America;Chile;Valparaiso Playa Ancha;Chilean naval marine weatherfax;active;CBV;17146.4;17144.5;All broadcast times;J3C;1 kW;assigned;2010-09-23;15;Source schedule dated 2010.
cl_punta_arenas;South America;Chile;Punta Arenas, Magallanes;Chilean naval marine weatherfax;active;CBM;4322.0;4320.1;All broadcast times;J3C;1 kW;assigned;2010-09-23;15;Source schedule dated 2010.
cl_punta_arenas;South America;Chile;Punta Arenas, Magallanes;Chilean naval marine weatherfax;active;CBM;8696.0;8694.1;All broadcast times;J3C;1 kW;assigned;2010-09-23;15;Source schedule dated 2010.
ca_iqaluit;North America;Canada;Iqaluit;Canadian Coast Guard radiofax;discontinued;;;;;;;;Aug 2024;17;Service discontinued in 2019 according to the source.
ca_resolute;North America;Canada;Resolute;Canadian Coast Guard radiofax;discontinued;;;;;;;;Aug 2024;17;Service discontinued in 2019 according to the source.
ca_inuvik;North America;Canada;Inuvik;Canadian Coast Guard radiofax;discontinued;;;;;;;;Aug 2024;17;Service discontinued in 2019 according to the source.
ca_sydney;North America;Canada;Sydney, Nova Scotia;Canadian Coast Guard / ice analysis;active;VCO;4416.0;4414.1;2200-2331;J3C;;assigned;2014;17;"Ice-analysis products; schedule is dated 2014."
ca_sydney;North America;Canada;Sydney, Nova Scotia;Canadian Coast Guard / ice analysis;active;VCO;6915.1;6913.2;1121-1741;J3C;;assigned;2014;17;"Ice-analysis products; schedule is dated 2014."
us_kodiak;North America;U.S.A.;Kodiak, Alaska;NOAA/NWS + USCG marine weatherfax;active;NOJ;2054.0;2052.1;All broadcast times;J3C;4 kW;assigned;2020-02-12;18-19;For CAT/USB, publication notes carrier frequency is 1.9 kHz below assigned frequency.
us_kodiak;North America;U.S.A.;Kodiak, Alaska;NOAA/NWS + USCG marine weatherfax;active;NOJ;4298.0;4296.1;All broadcast times;J3C;4 kW;assigned;2020-02-12;18-19;For CAT/USB, publication notes carrier frequency is 1.9 kHz below assigned frequency.
us_kodiak;North America;U.S.A.;Kodiak, Alaska;NOAA/NWS + USCG marine weatherfax;active;NOJ;8459.0;8457.1;All broadcast times;J3C;4 kW;assigned;2020-02-12;18-19;For CAT/USB, publication notes carrier frequency is 1.9 kHz below assigned frequency.
us_kodiak;North America;U.S.A.;Kodiak, Alaska;NOAA/NWS + USCG marine weatherfax;active;NOJ;12412.5;12410.6;All broadcast times;J3C;4 kW;assigned;2020-02-12;18-19;For CAT/USB, publication notes carrier frequency is 1.9 kHz below assigned frequency.
us_point_reyes;North America;U.S.A.;Point Reyes, California;NOAA/NWS + USCG marine weatherfax;active;NMC;4346.0;4344.1;0140-1608;J3C;4 kW;assigned;2020-02-12;20-21;For CAT/USB, publication notes carrier frequency is 1.9 kHz below assigned frequency.
us_point_reyes;North America;U.S.A.;Point Reyes, California;NOAA/NWS + USCG marine weatherfax;active;NMC;8682.0;8680.1;All broadcast times;J3C;4 kW;assigned;2020-02-12;20-21;For CAT/USB, publication notes carrier frequency is 1.9 kHz below assigned frequency.
us_point_reyes;North America;U.S.A.;Point Reyes, California;NOAA/NWS + USCG marine weatherfax;active;NMC;12786.0;12784.1;All broadcast times;J3C;4 kW;assigned;2020-02-12;20-21;For CAT/USB, publication notes carrier frequency is 1.9 kHz below assigned frequency.
us_point_reyes;North America;U.S.A.;Point Reyes, California;NOAA/NWS + USCG marine weatherfax;active;NMC;17151.2;17149.3;All broadcast times;J3C;4 kW;assigned;2020-02-12;20-21;For CAT/USB, publication notes carrier frequency is 1.9 kHz below assigned frequency.
us_point_reyes;North America;U.S.A.;Point Reyes, California;NOAA/NWS + USCG marine weatherfax;active;NMC;22527.0;22525.1;1840-2356;J3C;4 kW;assigned;2020-02-12;20-21;For CAT/USB, publication notes carrier frequency is 1.9 kHz below assigned frequency.
us_new_orleans;North America;U.S.A.;New Orleans, Louisiana;NOAA/NHC + USCG marine weatherfax;active;NMG;4317.9;4316.0;All broadcast times;J3C;4 kW;assigned;2020-02-12;22-23;For CAT/USB, publication notes carrier frequency is 1.9 kHz below assigned frequency.
us_new_orleans;North America;U.S.A.;New Orleans, Louisiana;NOAA/NHC + USCG marine weatherfax;active;NMG;8503.9;8502.0;All broadcast times;J3C;4 kW;assigned;2020-02-12;22-23;For CAT/USB, publication notes carrier frequency is 1.9 kHz below assigned frequency.
us_new_orleans;North America;U.S.A.;New Orleans, Louisiana;NOAA/NHC + USCG marine weatherfax;active;NMG;12789.9;12788.0;All broadcast times;J3C;4 kW;assigned;2020-02-12;22-23;For CAT/USB, publication notes carrier frequency is 1.9 kHz below assigned frequency.
us_new_orleans;North America;U.S.A.;New Orleans, Louisiana;NOAA/NHC + USCG marine weatherfax;active;NMG;17146.4;17144.5;1200-2045;J3C;4 kW;assigned;2020-02-12;22-23;For CAT/USB, publication notes carrier frequency is 1.9 kHz below assigned frequency.
us_boston;North America;U.S.A.;Boston, Massachusetts;NOAA/NWS + USCG marine weatherfax;active;NMF;4235.0;4233.1;0230Z-1039Z;J3C;4 kW;assigned;2020-02-12;24-25;For CAT/USB, publication notes carrier frequency is 1.9 kHz below assigned frequency.
us_boston;North America;U.S.A.;Boston, Massachusetts;NOAA/NWS + USCG marine weatherfax;active;NMF;6340.5;6338.6;All broadcast times;J3C;4 kW;assigned;2020-02-12;24-25;For CAT/USB, publication notes carrier frequency is 1.9 kHz below assigned frequency.
us_boston;North America;U.S.A.;Boston, Massachusetts;NOAA/NWS + USCG marine weatherfax;active;NMF;9110.0;9108.1;All broadcast times;J3C;4 kW;assigned;2020-02-12;24-25;For CAT/USB, publication notes carrier frequency is 1.9 kHz below assigned frequency.
us_boston;North America;U.S.A.;Boston, Massachusetts;NOAA/NWS + USCG marine weatherfax;active;NMF;12750.0;12748.1;1400Z-2239Z;J3C;4 kW;assigned;2020-02-12;24-25;For CAT/USB, publication notes carrier frequency is 1.9 kHz below assigned frequency.
au_charleville;Pacific Ocean Basin;Australia;Charleville;Australian Bureau of Meteorology marine radiofax;active;VMC;2628.0;2626.1;0900-1900;J3C;1 kW;assigned;2022-04-20;27-28;Shares the VMC/VMW schedule with Wiluna.
au_charleville;Pacific Ocean Basin;Australia;Charleville;Australian Bureau of Meteorology marine radiofax;active;VMC;5100.0;5098.1;All broadcast times;J3C;1 kW;assigned;2022-04-20;27-28;Shares the VMC/VMW schedule with Wiluna.
au_charleville;Pacific Ocean Basin;Australia;Charleville;Australian Bureau of Meteorology marine radiofax;active;VMC;11030.0;11028.1;All broadcast times;J3C;1 kW;assigned;2022-04-20;27-28;Shares the VMC/VMW schedule with Wiluna.
au_charleville;Pacific Ocean Basin;Australia;Charleville;Australian Bureau of Meteorology marine radiofax;active;VMC;13920.0;13918.1;All broadcast times;J3C;1 kW;assigned;2022-04-20;27-28;Shares the VMC/VMW schedule with Wiluna.
au_charleville;Pacific Ocean Basin;Australia;Charleville;Australian Bureau of Meteorology marine radiofax;active;VMC;20469.0;20467.1;1900-0900;J3C;1 kW;assigned;2022-04-20;27-28;Shares the VMC/VMW schedule with Wiluna.
au_wiluna;Pacific Ocean Basin;Australia;Wiluna;Australian Bureau of Meteorology marine radiofax;active;VMW;5755.0;5753.1;1100-2100;J3C;1 kW;assigned;2022-04-20;27-28;Shares the VMC/VMW schedule with Charleville.
au_wiluna;Pacific Ocean Basin;Australia;Wiluna;Australian Bureau of Meteorology marine radiofax;active;VMW;7535.0;7533.1;All broadcast times;J3C;1 kW;assigned;2022-04-20;27-28;Shares the VMC/VMW schedule with Charleville.
au_wiluna;Pacific Ocean Basin;Australia;Wiluna;Australian Bureau of Meteorology marine radiofax;active;VMW;10555.0;10553.1;All broadcast times;J3C;1 kW;assigned;2022-04-20;27-28;Shares the VMC/VMW schedule with Charleville.
au_wiluna;Pacific Ocean Basin;Australia;Wiluna;Australian Bureau of Meteorology marine radiofax;active;VMW;15615.0;15613.1;All broadcast times;J3C;1 kW;assigned;2022-04-20;27-28;Shares the VMC/VMW schedule with Charleville.
au_wiluna;Pacific Ocean Basin;Australia;Wiluna;Australian Bureau of Meteorology marine radiofax;active;VMW;18060.0;18058.1;2100-1100;J3C;1 kW;assigned;2022-04-20;27-28;Shares the VMC/VMW schedule with Charleville.
nz_wellington;Pacific Ocean Basin;New Zealand;Wellington;MetService radiofax;discontinued;;;;;;;;Jul 2023;28;ZKLF stopped broadcasting radiofax charts on 1 July 2023.
us_honolulu;Pacific Ocean Basin;U.S.A.;Honolulu, Hawaii;NOAA/NWS marine weatherfax;active;KVM70;9982.5;9980.6;0519-1556;J3C;4 kW;assigned;2020-02-12;29-30;"Publication states these are assigned frequencies; subtract 1.9 kHz for carrier."
us_honolulu;Pacific Ocean Basin;U.S.A.;Honolulu, Hawaii;NOAA/NWS marine weatherfax;active;KVM70;11090.0;11088.1;All broadcast times;J3C;4 kW;assigned;2020-02-12;29-30;"Publication states these are assigned frequencies; subtract 1.9 kHz for carrier."
us_honolulu;Pacific Ocean Basin;U.S.A.;Honolulu, Hawaii;NOAA/NWS marine weatherfax;active;KVM70;16135.0;16133.1;1719-0356;J3C;4 kW;assigned;2020-02-12;29-30;"Publication states these are assigned frequencies; subtract 1.9 kHz for carrier."
gr_athens;Europe;Greece;Athens;Greek marine weatherfax;active;SVJ4;4481.0;4481.0;All broadcast times;J3C;8 kW;carrier;Jan 2019;32;Source explicitly says center frequency is 1.9 kHz higher than the listed frequency.
gr_athens;Europe;Greece;Athens;Greek marine weatherfax;active;SVJ4;8105.0;8105.0;All broadcast times;J3C;8 kW;carrier;Jan 2019;32;Source explicitly says center frequency is 1.9 kHz higher than the listed frequency.
ru_murmansk;Europe;Russia;Murmansk;Marine / ice weatherfax;uncertain;RBW41;5336.0;5334.1;All broadcast times;J3C;;assigned;listener update 2024-10-19;32;"Source flags operational uncertainty; a listener reported 8444 kHz in Oct 2024 and older notes mention 6446/7907/8444 kHz."
ru_murmansk;Europe;Russia;Murmansk;Marine / ice weatherfax;uncertain;RBW41;6445.5;6443.6;All broadcast times;J3C;;assigned;listener update 2024-10-19;32;"Source flags operational uncertainty; a listener reported 8444 kHz in Oct 2024 and older notes mention 6446/7907/8444 kHz."
ru_murmansk;Europe;Russia;Murmansk;Marine / ice weatherfax;uncertain;RBW41;7908.8;7906.9;1900-0600;J3C;;assigned;listener update 2024-10-19;32;"Source flags operational uncertainty; a listener reported 8444 kHz in Oct 2024 and older notes mention 6446/7907/8444 kHz."
ru_murmansk;Europe;Russia;Murmansk;Marine / ice weatherfax;uncertain;RBW48;10130.0;10128.1;0600-1900;J3C;;assigned;listener update 2024-10-19;32;"Source flags operational uncertainty; a listener reported 8444 kHz in Oct 2024 and older notes mention 6446/7907/8444 kHz."
de_hamburg;Europe;Germany;Hamburg / Pinneberg;Deutscher Wetterdienst (DWD);active;DDH3;3855.0;3853.1;All broadcast times;F1C;10 kW;assigned;2024-07-24;33-34;"DWD facsimile for shipping; source notes white +425 Hz / black -425 Hz and voice breaks in schedule."
de_hamburg;Europe;Germany;Hamburg / Pinneberg;Deutscher Wetterdienst (DWD);active;DDK3;7880.0;7878.1;All broadcast times;F1C;10 kW;assigned;2024-07-24;33-34;"DWD facsimile for shipping; source notes white +425 Hz / black -425 Hz and voice breaks in schedule."
de_hamburg;Europe;Germany;Hamburg / Pinneberg;Deutscher Wetterdienst (DWD);active;DDK6;13882.5;13880.6;All broadcast times;F1C;10 kW;assigned;2024-07-24;33-34;"DWD facsimile for shipping; source notes white +425 Hz / black -425 Hz and voice breaks in schedule."
uk_northwood;Europe;United Kingdom;Northwood;JOMOC HF-Fax / North Atlantic;active;GYA;2618.5;2616.6;2200Z-0500Z;J3C;10 kW;assigned;2022-01-05;35-36;JOMOC HF-Fax Schedule (North Atlantic).
uk_northwood;Europe;United Kingdom;Northwood;JOMOC HF-Fax / North Atlantic;active;GYA;4610.0;4608.1;24 hours;J3C;10 kW;assigned;2022-01-05;35-36;JOMOC HF-Fax Schedule (North Atlantic).
uk_northwood;Europe;United Kingdom;Northwood;JOMOC HF-Fax / North Atlantic;active;GYA;8040.0;8038.1;Alternative 24 hour;J3C;10 kW;assigned;2022-01-05;35-36;JOMOC HF-Fax Schedule (North Atlantic).
uk_northwood;Europe;United Kingdom;Northwood;JOMOC HF-Fax / North Atlantic;active;GYA;11086.5;11084.6;0600Z-2000Z;J3C;10 kW;assigned;2022-01-05;35-36;JOMOC HF-Fax Schedule (North Atlantic).
